lottery_name;winning_number;digits_4;digits_3;2_digit;draw_date
TriplexOnce1;0138;0138;138;01;2026-01-01
TriplexOnce2;0586;0586;586;05;2026-01-01
TriplexOnce3;0002;0002;002;00;2026-01-01
TriplexOnce4;0120;0120;120;01;2026-01-01
TriplexOnce5;0333;0333;333;03;2026-01-01
Dorado noche;9892 La 5ta: 1;9892;892;98;2026-01-01
Astro Luna;2414 Acuario;2414;414;24;2026-01-01
Pijao de oro;9770 La 5ta: 6;9770;770;97;2026-01-01
Paisita dia;1490 La 5ta: 1;1490;490;14;2026-01-01
Paisita noche;2599;2599;599;25;2026-01-01
Chontico dia;5024 La 5ta: 8;5024;024;50;2026-01-01
Chontico noche;2987 La 5ta: 6;2987;987;29;2026-01-01
Cafeterito noche;5630 La 5ta: 1;5630;630;56;2026-01-01
Cash three dia;0195;0195;195;01;2026-01-01
Play four dia;1135;1135;135;11;2026-01-01
Saman dia;9296;9296;296;92;2026-01-01
Caribeña dia;6994 La 5ta: 5;6994;994;69;2026-01-01
Caribeña noche;1652 La 5ta: 0;1652;652;16;2026-01-01
Motilon Tarde;8067 La 5ta: 3;8067;067;80;2026-01-01
Motilon Noche;8629 La 5ta: 9;8629;629;86;2026-01-01
Fantastica Noche;8202 La 5ta: 1;8202;202;82;2026-01-01
Antioqueñita Dia;0730 La 5ta: 9;0730;730;07;2026-01-01
Antioqueñita Tarde;6512 La 5ta: 8;6512;512;65;2026-01-01
Culona noche;5277;5277;277;52;2026-01-01
TriplexOnce1;0931;0931;931;09;2026-01-02
TriplexOnce2;0328;0328;328;03;2026-01-02
TriplexOnce3;0970;0970;970;09;2026-01-02
TriplexOnce4;0688;0688;688;06;2026-01-02
TriplexOnce5;0615;0615;615;06;2026-01-02
Medellin;2541 138;2541;541;25;2026-01-02
Santander;8733 235;8733;733;87;2026-01-02
Dorado mañana;3002 La 5ta: 6;3002;002;30;2026-01-02
Dorado Tarde;8627 La 5ta: 4;8627;627;86;2026-01-02
Culona;6787;6787;787;67;2026-01-02
Astro sol;8567 Capricornio;8567;567;85;2026-01-02
Astro Luna;0836 Acuario;0836;836;08;2026-01-02
Pijao de oro;8070 La 5ta: 7;8070;070;80;2026-01-02
Paisita dia;0154 La 5ta: 7;0154;154;01;2026-01-02
Paisita noche;0394;0394;394;03;2026-01-02
Chontico dia;9336 La 5ta: 1;9336;336;93;2026-01-02
Chontico noche;6979 La 5ta: 2;6979;979;69;2026-01-02
Cafeterito tarde;0889 La 5ta: 7;0889;889;08;2026-01-02
Cafeterito noche;7685 La 5ta: 9;7685;685;76;2026-01-02
Sinuano dia;7544 La 5ta: 5;7544;544;75;2026-01-02
Sinuano noche;9719;9719;719;97;2026-01-02
Cash three dia;0862;0862;862;08;2026-01-02
Play four dia;5559;5559;559;55;2026-01-02
Saman dia;4238;4238;238;42;2026-01-02
Caribeña dia;8863 La 5ta: 9;8863;863;88;2026-01-02
Caribeña noche;1180;1180;180;11;2026-01-02
Motilon Tarde;5604 La 5ta: 2;5604;604;56;2026-01-02
Motilon Noche;4090 La 5ta: 9;4090;090;40;2026-01-02
Fantastica dia;9420 La 5ta: 8;9420;420;94;2026-01-02
Fantastica Noche;9239 La 5ta: 6;9239;239;92;2026-01-02
Antioqueñita Dia;0150 La 5ta: 2;0150;150;01;2026-01-02
Antioqueñita Tarde;9455 La 5ta: 8;9455;455;94;2026-01-02
Culona noche;3311;3311;311;33;2026-01-02
TriplexOnce1;0106;0106;106;01;2026-01-03
TriplexOnce2;0505;0505;505;05;2026-01-03
TriplexOnce3;0860;0860;860;08;2026-01-03
TriplexOnce4;0358;0358;358;03;2026-01-03
TriplexOnce5;0014;0014;014;00;2026-01-03
Dorado mañana;9216 La 5ta: 5;9216;216;92;2026-01-03
Dorado Tarde;5586 La 5ta: 6;5586;586;55;2026-01-03
Dorado noche;1888 La 5ta: 3;1888;888;18;2026-01-03
Culona;0414;0414;414;04;2026-01-03
Astro sol;4117 Escorpion;4117;117;41;2026-01-03
Astro Luna;0539 Cancer;0539;539;05;2026-01-03
Pijao de oro;4951 La 5ta: 4;4951;951;49;2026-01-03
Paisita dia;6024 La 5ta: 1;6024;024;60;2026-01-03
Paisita noche;7544;7544;544;75;2026-01-03
Chontico dia;9782 La 5ta: 0;9782;782;97;2026-01-03
Chontico noche;6289 La 5ta: 9;6289;289;62;2026-01-03
Cafeterito tarde;9507 La 5ta: 3;9507;507;95;2026-01-03
Cafeterito noche;8879 La 5ta: 1;8879;879;88;2026-01-03
Sinuano dia;8099 La 5ta: 0;8099;099;80;2026-01-03
Sinuano noche;6570;6570;570;65;2026-01-03
Cash three dia;0708;0708;708;07;2026-01-03
Play four dia;9431;9431;431;94;2026-01-03
Saman dia;2303;2303;303;23;2026-01-03
Caribeña dia;9255 La 5ta: 5;9255;255;92;2026-01-03
Caribeña noche;0709;0709;709;07;2026-01-03
Motilon Tarde;8850 La 5ta: 7;8850;850;88;2026-01-03
Motilon Noche;1531 La 5ta: 2;1531;531;15;2026-01-03
Fantastica dia;0738 La 5ta: 2;0738;738;07;2026-01-03
Fantastica Noche;6157 La 5ta: 1;6157;157;61;2026-01-03
Antioqueñita Dia;4344 La 5ta: 0;4344;344;43;2026-01-03
Antioqueñita Tarde;2453 La 5ta: 1;2453;453;24;2026-01-03
Culona noche;7093;7093;093;70;2026-01-03
TriplexOnce1;0228;0228;228;02;2026-01-04
TriplexOnce2;0815;0815;815;08;2026-01-04
TriplexOnce3;0704;0704;704;07;2026-01-04
TriplexOnce4;0034;0034;034;00;2026-01-04
TriplexOnce5;0885;0885;885;08;2026-01-04
Dorado noche;7731 La 5ta: 8;7731;731;77;2026-01-04
Culona;8523;8523;523;85;2026-01-04
Astro Luna;7413 Géminis;7413;413;74;2026-01-04
Pijao de oro;5081 La 5ta: 3;5081;081;50;2026-01-04
Paisita dia;4318 La 5ta: 0;4318;318;43;2026-01-04
Paisita noche;3654;3654;654;36;2026-01-04
Chontico dia;2109 La 5ta: 0;2109;109;21;2026-01-04
Chontico noche;0948 La 5ta: 6;0948;948;09;2026-01-04
Cafeterito noche;6083 La 5ta: 8;6083;083;60;2026-01-04
Sinuano dia;3577 La 5ta: 3;3577;577;35;2026-01-04
Sinuano noche;8615 La 5ta: 3;8615;615;86;2026-01-04
Cash three dia;0171;0171;171;01;2026-01-04
Play four dia;9455;9455;455;94;2026-01-04
Saman dia;1027;1027;027;10;2026-01-04
Caribeña dia;4379 La 5ta: 2;4379;379;43;2026-01-04
Caribeña noche;7643 La 5ta: 6;7643;643;76;2026-01-04
Motilon Tarde;0918 La 5ta: 4;0918;918;09;2026-01-04
Motilon Noche;4339 La 5ta: 4;4339;339;43;2026-01-04
Fantastica Noche;8690 La 5ta: 3;8690;690;86;2026-01-04
Antioqueñita Dia;5651 La 5ta: 6;5651;651;56;2026-01-04
Antioqueñita Tarde;3151 La 5ta: 0;3151;151;31;2026-01-04
Culona noche;2351;2351;351;23;2026-01-04
TriplexOnce1;0884;0884;884;08;2026-01-05
TriplexOnce2;0246;0246;246;02;2026-01-05
TriplexOnce3;0989;0989;989;09;2026-01-05
TriplexOnce4;0361;0361;361;03;2026-01-05
TriplexOnce5;0530;0530;530;05;2026-01-05
Dorado mañana;1430 La 5ta: 0;1430;430;14;2026-01-05
Dorado Tarde;4385 La 5ta: 2;4385;385;43;2026-01-05
Culona;1843;1843;843;18;2026-01-05
Astro sol;2081 Cancer;2081;081;20;2026-01-05
Astro Luna;0235 Libra;0235;235;02;2026-01-05
Pijao de oro;6204 La 5ta: 4;6204;204;62;2026-01-05
Paisita dia;6659 La 5ta: 8;6659;659;66;2026-01-05
Paisita noche;3785;3785;785;37;2026-01-05
Chontico dia;1969 La 5ta: 0;1969;969;19;2026-01-05
Chontico noche;9618 La 5ta: 0;9618;618;96;2026-01-05
Cafeterito tarde;3326 La 5ta: 4;3326;326;33;2026-01-05
Cafeterito noche;4717 La 5ta: 4;4717;717;47;2026-01-05
Sinuano dia;1667 La 5ta: 2;1667;667;16;2026-01-05
Sinuano noche;4189;4189;189;41;2026-01-05
Cash three dia;0080;0080;080;00;2026-01-05
Play four dia;8541;8541;541;85;2026-01-05
Saman dia;2058;2058;058;20;2026-01-05
Caribeña dia;7592 La 5ta: 5;7592;592;75;2026-01-05
Caribeña noche;3866;3866;866;38;2026-01-05
Motilon Tarde;6671 La 5ta: 1;6671;671;66;2026-01-05
Motilon Noche;4410 La 5ta: 4;4410;410;44;2026-01-05
Fantastica dia;3528 La 5ta: 0;3528;528;35;2026-01-05
Fantastica Noche;4927 La 5ta: 6;4927;927;49;2026-01-05
Antioqueñita Dia;4778 La 5ta: 0;4778;778;47;2026-01-05
Antioqueñita Tarde;7552 La 5ta: 8;7552;552;75;2026-01-05
Culona noche;7257;7257;257;72;2026-01-05
TriplexOnce1;0411;0411;411;04;2026-01-06
TriplexOnce2;0688;0688;688;06;2026-01-06
TriplexOnce3;0166;0166;166;01;2026-01-06
TriplexOnce4;0028;0028;028;00;2026-01-06
TriplexOnce5;0272;0272;272;02;2026-01-06
Dorado mañana;9776 La 5ta: 8;9776;776;97;2026-01-06
Dorado Tarde;9501 La 5ta: 5;9501;501;95;2026-01-06
Culona;0967;0967;967;09;2026-01-06
Astro sol;8206 Libra;8206;206;82;2026-01-06
Astro Luna;1711 Libra;1711;711;17;2026-01-06
Pijao de oro;5535 La 5ta: 5;5535;535;55;2026-01-06
Paisita dia;7160 La 5ta: 4;7160;160;71;2026-01-06
Paisita noche;3576;3576;576;35;2026-01-06
Chontico dia;6966 La 5ta: 5;6966;966;69;2026-01-06
Chontico noche;0541 La 5ta: 2;0541;541;05;2026-01-06
Cafeterito tarde;4421 La 5ta: 3;4421;421;44;2026-01-06
Cafeterito noche;3893 La 5ta: 1;3893;893;38;2026-01-06
Sinuano dia;0037 La 5ta: 2;0037;037;00;2026-01-06
Sinuano noche;3484;3484;484;34;2026-01-06
Cash three dia;0209;0209;209;02;2026-01-06
Play four dia;7889;7889;889;78;2026-01-06
Saman dia;4108;4108;108;41;2026-01-06
Caribeña dia;3989 La 5ta: 4;3989;989;39;2026-01-06
Caribeña noche;2131;2131;131;21;2026-01-06
Motilon Tarde;2506 La 5ta: 1;2506;506;25;2026-01-06
Motilon Noche;7484 La 5ta: 9;7484;484;74;2026-01-06
Fantastica dia;8436 La 5ta: 9;8436;436;84;2026-01-06
Fantastica Noche;8213 La 5ta: 7;8213;213;82;2026-01-06
Antioqueñita Dia;3518 La 5ta: 8;3518;518;35;2026-01-06
Antioqueñita Tarde;1639 La 5ta: 1;1639;639;16;2026-01-06
Culona noche;7308;7308;308;73;2026-01-06
TriplexOnce1;0585;0585;585;05;2026-01-07
TriplexOnce2;0979;0979;979;09;2026-01-07
TriplexOnce3;0898;0898;898;08;2026-01-07
TriplexOnce4;0208;0208;208;02;2026-01-07
TriplexOnce5;0668;0668;668;06;2026-01-07
Dorado mañana;9642 La 5ta: 4;9642;642;96;2026-01-07
Dorado Tarde;6524 La 5ta: 8;6524;524;65;2026-01-07
Culona;8511;8511;511;85;2026-01-07
Astro sol;6794 Géminis;6794;794;67;2026-01-07
Astro Luna;7888 Tauro;7888;888;78;2026-01-07
Pijao de oro;8680 La 5ta: 0;8680;680;86;2026-01-07
Paisita dia;8590 La 5ta: 4;8590;590;85;2026-01-07
Paisita noche;1874;1874;874;18;2026-01-07
Chontico dia;8377 La 5ta: 3;8377;377;83;2026-01-07
Chontico noche;8918 La 5ta: 6;8918;918;89;2026-01-07
Cafeterito tarde;8487 La 5ta: 8;8487;487;84;2026-01-07
Cafeterito noche;9206 La 5ta: 8;9206;206;92;2026-01-07
Sinuano dia;5462 La 5ta: 7;5462;462;54;2026-01-07
Sinuano noche;0677;0677;677;06;2026-01-07
Cash three dia;0434;0434;434;04;2026-01-07
Play four dia;7065;7065;065;70;2026-01-07
Saman dia;5414;5414;414;54;2026-01-07
Caribeña dia;1191 La 5ta: 6;1191;191;11;2026-01-07
Caribeña noche;9563;9563;563;95;2026-01-07
Motilon Tarde;0104 La 5ta: 7;0104;104;01;2026-01-07
Motilon Noche;9023 La 5ta: 2;9023;023;90;2026-01-07
Fantastica dia;0740 La 5ta: 5;0740;740;07;2026-01-07
Fantastica Noche;7841 La 5ta: 6;7841;841;78;2026-01-07
Antioqueñita Dia;2765 La 5ta: 9;2765;765;27;2026-01-07
Antioqueñita Tarde;8998 La 5ta: 8;8998;998;89;2026-01-07
Culona noche;1325;1325;325;13;2026-01-07
TriplexOnce1;0314;0314;314;03;2026-01-08
TriplexOnce2;0624;0624;624;06;2026-01-08
TriplexOnce3;0290;0290;290;02;2026-01-08
TriplexOnce4;0734;0734;734;07;2026-01-08
TriplexOnce5;0729;0729;729;07;2026-01-08
Quindio;1252 188;1252;252;12;2026-01-08
Dorado mañana;1317 La 5ta: 5;1317;317;13;2026-01-08
Dorado Tarde;7084 La 5ta: 2;7084;084;70;2026-01-08
Culona;9710;9710;710;97;2026-01-08
Astro sol;4114 Aries;4114;114;41;2026-01-08
Astro Luna;9513 Libra;9513;513;95;2026-01-08
Pijao de oro;3680 La 5ta: 9;3680;680;36;2026-01-08
Paisita dia;6306 La 5ta: 6;6306;306;63;2026-01-08
Paisita noche;7629;7629;629;76;2026-01-08
Chontico dia;6851 La 5ta: 3;6851;851;68;2026-01-08
Chontico noche;8212 La 5ta: 2;8212;212;82;2026-01-08
Cafeterito tarde;0628 La 5ta: 7;0628;628;06;2026-01-08
Cafeterito noche;8235 La 5ta: 8;8235;235;82;2026-01-08
Sinuano dia;8994 La 5ta: 1;8994;994;89;2026-01-08
Sinuano noche;6766;6766;766;67;2026-01-08
Cash three dia;0429;0429;429;04;2026-01-08
Play four dia;2514;2514;514;25;2026-01-08
Saman dia;5202;5202;202;52;2026-01-08
Caribeña dia;2610 La 5ta: 0;2610;610;26;2026-01-08
Caribeña noche;9693;9693;693;96;2026-01-08
Motilon Tarde;7851 La 5ta: 4;7851;851;78;2026-01-08
Motilon Noche;6740 La 5ta: 5;6740;740;67;2026-01-08
Fantastica dia;1740 La 5ta: 8;1740;740;17;2026-01-08
Fantastica Noche;7359 La 5ta: 7;7359;359;73;2026-01-08
Antioqueñita Dia;9154 La 5ta: 4;9154;154;91;2026-01-08
Antioqueñita Tarde;7200 La 5ta: 3;7200;200;72;2026-01-08
Culona noche;1753;1753;753;17;2026-01-08
TriplexOnce1;0730;0730;730;07;2026-01-09
TriplexOnce2;0449;0449;449;04;2026-01-09
TriplexOnce3;0770;0770;770;07;2026-01-09
TriplexOnce4;0685;0685;685;06;2026-01-09
TriplexOnce5;0928;0928;928;09;2026-01-09
Medellin;0256 264;0256;256;02;2026-01-09
Santander;5358 120;5358;358;53;2026-01-09
Dorado mañana;3193 La 5ta: 7;3193;193;31;2026-01-09
Dorado Tarde;8059 La 5ta: 6;8059;059;80;2026-01-09
Culona;4474;4474;474;44;2026-01-09
Astro sol;4316 Capricornio;4316;316;43;2026-01-09
Astro Luna;2663 Aries;2663;663;26;2026-01-09
Pijao de oro;2519 La 5ta: 8;2519;519;25;2026-01-09
Paisita dia;0464 La 5ta: 0;0464;464;04;2026-01-09
Paisita noche;8233;8233;233;82;2026-01-09
Chontico dia;7820 La 5ta: 0;7820;820;78;2026-01-09
Chontico noche;0488 La 5ta: 2;0488;488;04;2026-01-09
Cafeterito tarde;8924 La 5ta: 9;8924;924;89;2026-01-09
Cafeterito noche;7297 La 5ta: 9;7297;297;72;2026-01-09
Sinuano dia;5395 La 5ta: 2;5395;395;53;2026-01-09
Sinuano noche;1383 La 5ta: 8;1383;383;13;2026-01-09
Cash three dia;0860;0860;860;08;2026-01-09
Play four dia;8963;8963;963;89;2026-01-09
Saman dia;7578;7578;578;75;2026-01-09
Caribeña dia;2204 La 5ta: 5;2204;204;22;2026-01-09
Caribeña noche;0183 La 5ta: 5;0183;183;01;2026-01-09
Motilon Tarde;3097 La 5ta: 1;3097;097;30;2026-01-09
Motilon Noche;4354 La 5ta: 6;4354;354;43;2026-01-09
Fantastica dia;5191 La 5ta: 3;5191;191;51;2026-01-09
Fantastica Noche;0064 La 5ta: 8;0064;064;00;2026-01-09
Antioqueñita Dia;7682 La 5ta: 0;7682;682;76;2026-01-09
Antioqueñita Tarde;2038 La 5ta: 6;2038;038;20;2026-01-09
Culona noche;8978;8978;978;89;2026-01-09
TriplexOnce1;0825;0825;825;08;2026-01-10
TriplexOnce2;0631;0631;631;06;2026-01-10
TriplexOnce3;0901;0901;901;09;2026-01-10
TriplexOnce4;0963;0963;963;09;2026-01-10
TriplexOnce5;0353;0353;353;03;2026-01-10
Dorado mañana;6925 la 5ta:0;6925;925;69;2026-01-10
Dorado Tarde;3388 la 5ta:4;3388;388;33;2026-01-10
Dorado noche;6854 La 5ta: 9;6854;854;68;2026-01-10
Culona;2464;2464;464;24;2026-01-10
Astro sol;4867 Signo LEO;4867;867;48;2026-01-10
Astro Luna;7388 Signo CAP;7388;388;73;2026-01-10
Pijao de oro;4147 La 5ta: 9;4147;147;41;2026-01-10
Paisita dia;1117 La 5ta: 6;1117;117;11;2026-01-10
Paisita noche;1823 La 5ta: 0;1823;823;18;2026-01-10
Chontico dia;3725 La 5ta: 1;3725;725;37;2026-01-10
Chontico noche;8130 La 5ta: 4;8130;130;81;2026-01-10
Cafeterito tarde;1796 La 5ta: 0;1796;796;17;2026-01-10
Cafeterito noche;8618 La 5ta: 2;8618;618;86;2026-01-10
Sinuano dia;8271 La 5ta: 7;8271;271;82;2026-01-10
Sinuano noche;4299 La 5ta: 7;4299;299;42;2026-01-10
Cash three dia;0301;0301;301;03;2026-01-10
Play four dia;1979;1979;979;19;2026-01-10
Saman dia;7767;7767;767;77;2026-01-10
Caribeña dia;1557 La 5ta: 6;1557;557;15;2026-01-10
Caribeña noche;7499 La 5ta: 1;7499;499;74;2026-01-10
Motilon Tarde;8449 La 5ta: 5;8449;449;84;2026-01-10
Motilon Noche;4103 La 5ta: 4;4103;103;41;2026-01-10
Fantastica dia;2391 La 5ta: 8;2391;391;23;2026-01-10
Fantastica Noche;7472 La 5ta: 5;7472;472;74;2026-01-10
Antioqueñita Dia;2537 La 5ta: 7;2537;537;25;2026-01-10
Antioqueñita Tarde;2393 La 5ta: 4;2393;393;23;2026-01-10
Culona noche;4381;4381;381;43;2026-01-10
TriplexOnce1;0022;0022;022;00;2026-01-11
TriplexOnce2;0640;0640;640;06;2026-01-11
TriplexOnce3;0631;0631;631;06;2026-01-11
TriplexOnce4;0070;0070;070;00;2026-01-11
TriplexOnce5;0499;0499;499;04;2026-01-11
Dorado noche;8877 La 5ta: 6;8877;877;88;2026-01-11
Culona;2015;2015;015;20;2026-01-11
Astro Luna;9079 Sagitario;9079;079;90;2026-01-11
Pijao de oro;8123 La 5ta: 6;8123;123;81;2026-01-11
Paisita dia;9404 La 5ta: 8;9404;404;94;2026-01-11
Paisita noche;4634;4634;634;46;2026-01-11
Chontico dia;9225 La 5ta: 5;9225;225;92;2026-01-11
Chontico noche;5935 La 5ta: 4;5935;935;59;2026-01-11
Cafeterito noche;5841 La 5ta: 2;5841;841;58;2026-01-11
Sinuano dia;9242 La 5ta: 9;9242;242;92;2026-01-11
Sinuano noche;6566 La 5ta: 9;6566;566;65;2026-01-11
Cash three dia;0522;0522;522;05;2026-01-11
Play four dia;5782;5782;782;57;2026-01-11
Saman dia;3555;3555;555;35;2026-01-11
Caribeña dia;7662 La 5ta: 1;7662;662;76;2026-01-11
Caribeña noche;9635 La 5ta: 1;9635;635;96;2026-01-11
Motilon Tarde;6543 La 5ta: 2;6543;543;65;2026-01-11
Motilon Noche;6759 La 5ta: 3;6759;759;67;2026-01-11
Fantástica Noche;1036 La 5ta: 7;1036;036;10;2026-01-11
Antioqueñita Dia;3916 La 5ta: 1;3916;916;39;2026-01-11
Antioqueñita Tarde;0248 La 5ta: 6;0248;248;02;2026-01-11
Culona noche;2248;2248;248;22;2026-01-11
TriplexOnce1;0047;0047;047;00;2026-01-12
TriplexOnce2;0309;0309;309;03;2026-01-12
TriplexOnce3;0760;0760;760;07;2026-01-12
TriplexOnce4;0997;0997;997;09;2026-01-12
TriplexOnce5;0560;0560;560;05;2026-01-12
Dorado mañana;6763La 5ta: 1;6763;763;67;2026-01-12
Dorado Tarde;4010La 5ta: 2;4010;010;40;2026-01-12
Culona;6348;6348;348;63;2026-01-12
Pijao de oro;6605La 5ta: 7;6605;605;66;2026-01-12
Paisita dia;7992La 5ta: 3;7992;992;79;2026-01-12
Chontico dia;3431La 5ta: 1;3431;431;34;2026-01-12
Cafeterito tarde;3646La 5ta: 4;3646;646;36;2026-01-12
Sinuano dia;6538La 5ta: 2;6538;538;65;2026-01-12
Saman dia;4072;4072;072;40;2026-01-12
Caribeña dia;3489La 5ta: 6;3489;489;34;2026-01-12
Motilon Tarde;6721La 5ta: 9;6721;721;67;2026-01-12
Fantastica dia;4687La 5ta: 0;4687;687;46;2026-01-12
Antioqueñita Dia;2405La 5ta: 5;2405;405;24;2026-01-12
Antioqueñita Tarde;6306La 5ta: 9;6306;306;63;2026-01-12
Dorado noche;6769 La 5ta: 3;6769;769;67;2026-01-12
Culona;6598;6598;598;65;2026-01-12
Astro Luna;4446 Virgo;4446;446;44;2026-01-12
Pijao de oro;2452 La 5ta: 5;2452;452;24;2026-01-12
Paisita dia;2787 La 5ta: 7;2787;787;27;2026-01-12
Paisita noche;8849;8849;849;88;2026-01-12
Chontico dia;8895 La 5ta: 3;8895;895;88;2026-01-12
Chontico noche;4645 La 5ta: 0;4645;645;46;2026-01-12
Cafeterito noche;2264 La 5ta: 8;2264;264;22;2026-01-12
Sinuano dia;2632 La 5ta: 8;2632;632;26;2026-01-12
Sinuano noche;7829 La 5ta: 3;7829;829;78;2026-01-12
Cash three dia;0460;0460;460;04;2026-01-12
Play four dia;8086;8086;086;80;2026-01-12
Saman dia;2666;2666;666;26;2026-01-12
Caribeña dia;4394 La 5ta: 4;4394;394;43;2026-01-12
Caribeña noche;9505 La 5ta: 3;9505;505;95;2026-01-12
Motilon Tarde;5888 La 5ta: 8;5888;888;58;2026-01-12
Motilon Noche;4981 La 5ta: 6;4981;981;49;2026-01-12
Fantastica Noche;7908 La 5ta: 1;7908;908;79;2026-01-12
Antioqueñita Dia;9452 La 5ta: 1;9452;452;94;2026-01-12
Antioqueñita Tarde;5121 La 5ta: 7;5121;121;51;2026-01-12
Culona noche;8675;8675;675;86;2026-01-12
TriplexOnce1;0418;0418;418;04;2026-01-13
TriplexOnce2;0097;0097;097;00;2026-01-13
TriplexOnce3;0157;0157;157;01;2026-01-13
TriplexOnce4;0348;0348;348;03;2026-01-13
TriplexOnce5;0400;0400;400;04;2026-01-13
Dorado mañana;6763 La 5ta: 1;6763;763;67;2026-01-13
Dorado Tarde;4010 La 5ta: 2;4010;010;40;2026-01-13
Culona;6348;6348;348;63;2026-01-13
Astro sol;9818 Capricornio;9818;818;98;2026-01-13
Astro Luna;5037 Tauro;5037;037;50;2026-01-13
Pijao de oro;6605 La 5ta: 7;6605;605;66;2026-01-13
Paisita dia;7992 La 5ta: 3;7992;992;79;2026-01-13
Paisita noche;8582;8582;582;85;2026-01-13
Chontico dia;3431 La 5ta: 1;3431;431;34;2026-01-13
Chontico noche;1355 La 5ta: 9;1355;355;13;2026-01-13
Cafeterito tarde;3646 La 5ta: 4;3646;646;36;2026-01-13
Cafeterito noche;2552 La 5ta: 0;2552;552;25;2026-01-13
Sinuano dia;6538 La 5ta: 2;6538;538;65;2026-01-13
Sinuano noche;3229 La 5ta: 5;3229;229;32;2026-01-13
Cash three dia;0890;0890;890;08;2026-01-13
Play four dia;9727;9727;727;97;2026-01-13
Saman dia;4072;4072;072;40;2026-01-13
Caribeña dia;3489 La 5ta: 6;3489;489;34;2026-01-13
Caribeña noche;9203 La 5ta: 8;9203;203;92;2026-01-13
Motilon Tarde;6721 La 5ta: 9;6721;721;67;2026-01-13
Motilon Noche;6093 La 5ta: 4;6093;093;60;2026-01-13
Fantastica dia;4687 La 5ta: 0;4687;687;46;2026-01-13
Fantastica Noche;3640 La 5ta: 1;3640;640;36;2026-01-13
Antioqueñita Dia;2405 La 5ta: 5;2405;405;24;2026-01-13
Antioqueñita Tarde;6306 La 5ta: 9;6306;306;63;2026-01-13
Culona noche;3249;3249;249;32;2026-01-13
TriplexOnce1;0957;0957;957;09;2026-01-14
TriplexOnce2;0433;0433;433;04;2026-01-14
TriplexOnce3;0455;0455;455;04;2026-01-14
TriplexOnce4;0553;0553;553;05;2026-01-14
TriplexOnce5;0145;0145;145;01;2026-01-14
Dorado mañana;0145 La 5ta:0;0145;145;01;2026-01-14
Dorado Tarde;4971 La 5ta:5;4971;971;49;2026-01-14
Culona;5519;5519;519;55;2026-01-14
Astro sol;1087;1087;087;10;2026-01-14
Astro Luna;9105;9105;105;91;2026-01-14
Pijao de oro;8695 La 5ta:2;8695;695;86;2026-01-14
Paisita dia;2482 La 5ta:7;2482;482;24;2026-01-14
Paisita noche;4476;4476;476;44;2026-01-14
Chontico dia;6771 La 5ta:6;6771;771;67;2026-01-14
Chontico noche;0987 La 5ta:8;0987;987;09;2026-01-14
Cafeterito tarde;8513 La 5ta:1;8513;513;85;2026-01-14
Cafeterito noche;2374 La 5ta:7;2374;374;23;2026-01-14
Sinuano dia;8123 La 5ta:8;8123;123;81;2026-01-14
Sinuano noche;0479;0479;479;04;2026-01-14
Cash three dia;0916;0916;916;09;2026-01-14
Play four dia;4223;4223;223;42;2026-01-14
Saman dia;0007;0007;007;00;2026-01-14
Caribeña dia;8132 La 5ta:8;8132;132;81;2026-01-14
Caribeña noche;2372;2372;372;23;2026-01-14
Motilon Tarde;5451 La 5ta:1;5451;451;54;2026-01-14
Motilon Noche;0408  La 5ta:04;0408;408;04;2026-01-14
Fantastica dia;2447 La 5ta:7;2447;447;24;2026-01-14
Fantastica Noche;5003 La 5ta:7;5003;003;50;2026-01-14
Antioqueñita Dia;3774 La 5ta:1;3774;774;37;2026-01-14
Antioqueñita Tarde;1217 La 5ta:6;1217;217;12;2026-01-14
Culona noche;5304;5304;304;53;2026-01-14
TriplexOnce1;0250;0250;250;02;2026-01-15
TriplexOnce2;0405;0405;405;04;2026-01-15
TriplexOnce3;0836;0836;836;08;2026-01-15
TriplexOnce4;0907;0907;907;09;2026-01-15
TriplexOnce5;0627;0627;627;06;2026-01-15
Quindio;4310 022;4310;310;43;2026-01-15
Dorado mañana;7534 La 5ta: 3;7534;534;75;2026-01-15
Dorado Tarde;5834 La 5ta: 2;5834;834;58;2026-01-15
Culona;5499;5499;499;54;2026-01-15
Astro sol;1914 Aries;1914;914;19;2026-01-15
Astro Luna;6543 Acuario;6543;543;65;2026-01-15
Pijao de oro;2957 La 5ta: 5;2957;957;29;2026-01-15
Paisita dia;1240 La 5ta: 1;1240;240;12;2026-01-15
Paisita noche;4508;4508;508;45;2026-01-15
Chontico dia;7215 La 5ta: 5;7215;215;72;2026-01-15
Chontico noche;2962 La 5ta: 1;2962;962;29;2026-01-15
Cafeterito tarde;2517 La 5ta: 6;2517;517;25;2026-01-15
Cafeterito noche;6395 La 5ta: 8;6395;395;63;2026-01-15
Sinuano dia;0534 La 5ta: 7;0534;534;05;2026-01-15
Sinuano noche;8358 La 5ta: 8;8358;358;83;2026-01-15
Cash three dia;0404;0404;404;04;2026-01-15
Play four dia;0220;0220;220;02;2026-01-15
Saman dia;6084;6084;084;60;2026-01-15
Caribeña dia;9168 La 5ta: 8;9168;168;91;2026-01-15
Caribeña noche;6921 La 5ta: 9;6921;921;69;2026-01-15
Motilon Tarde;4847 La 5ta: 7;4847;847;48;2026-01-15
Motilon Noche;9587 La 5ta: 7;9587;587;95;2026-01-15
Fantastica dia;6258 La 5ta: 8;6258;258;62;2026-01-15
Fantastica Noche;6327 La 5ta: 0;6327;327;63;2026-01-15
Antioqueñita Dia;2831 La 5ta: 8;2831;831;28;2026-01-15
Antioqueñita Tarde;2130 La 5ta: 8;2130;130;21;2026-01-15
Culona noche;5297;5297;297;52;2026-01-15
TriplexOnce1;0540;0540;540;05;2026-01-16
TriplexOnce2;0169;0169;169;01;2026-01-16
TriplexOnce3;0861;0861;861;08;2026-01-16
TriplexOnce4;0007;0007;007;00;2026-01-16
TriplexOnce5;0817;0817;817;08;2026-01-16
Medellin;4771 405;4771;771;47;2026-01-16
Santander;0493 218;0493;493;04;2026-01-16
Dorado mañana;6133 La 5ta: 2;6133;133;61;2026-01-16
Dorado Tarde;3499 La 5ta: 9;3499;499;34;2026-01-16
Culona;1713;1713;713;17;2026-01-16
Astro sol;6500 Piscis;6500;500;65;2026-01-16
Astro Luna;1860 Libra;1860;860;18;2026-01-16
Pijao de oro;7256 La 5ta: 7;7256;256;72;2026-01-16
Paisita dia;7555 La 5ta: 3;7555;555;75;2026-01-16
Paisita noche;0157;0157;157;01;2026-01-16
Chontico dia;6426 La 5ta: 4;6426;426;64;2026-01-16
Chontico noche;1580 La 5ta: 5;1580;580;15;2026-01-16
Cafeterito tarde;8646 La 5ta: 4;8646;646;86;2026-01-16
Cafeterito noche;5342 La 5ta: 0;5342;342;53;2026-01-16
Sinuano dia;3687 La 5ta: 4;3687;687;36;2026-01-16
Sinuano noche;7450 La 5ta: 5;7450;450;74;2026-01-16
Cash three dia;0273;0273;273;02;2026-01-16
Play four dia;6825;6825;825;68;2026-01-16
Saman dia;1684;1684;684;16;2026-01-16
Caribeña dia;3900 La 5ta: 2;3900;900;39;2026-01-16
Caribeña noche;9433 La 5ta: 8;9433;433;94;2026-01-16
Motilon Tarde;7796 La 5ta: 8;7796;796;77;2026-01-16
Motilon Noche;6013 La 5ta: 6;6013;013;60;2026-01-16
Fantastica dia;8735 La 5ta: 2;8735;735;87;2026-01-16
Fantastica Noche;0730 La 5ta: 3;0730;730;07;2026-01-16
Antioqueñita Dia;8667 La 5ta: 0;8667;667;86;2026-01-16
Antioqueñita Tarde;9293 La 5ta: 1;9293;293;92;2026-01-16
Culona noche;6977;6977;977;69;2026-01-16
TriplexOnce1;0199;0199;199;01;2026-01-17
TriplexOnce2;0654;0654;654;06;2026-01-17
TriplexOnce3;0325;0325;325;03;2026-01-17
TriplexOnce4;0293;0293;293;02;2026-01-17
TriplexOnce5;0512;0512;512;05;2026-01-17
Dorado mañana;9957 La 5ta: 2;9957;957;99;2026-01-17
Dorado Tarde;0018 La 5ta: 0;0018;018;00;2026-01-17
Dorado noche;9406 La 5ta: 4;9406;406;94;2026-01-17
Culona;1127;1127;127;11;2026-01-17
Astro sol;9881 Leo;9881;881;98;2026-01-17
Astro Luna;3042 Virgo;3042;042;30;2026-01-17
Pijao de oro;7693 La 5ta: 2;7693;693;76;2026-01-17
Paisita dia;3471 La 5ta: 7;3471;471;34;2026-01-17
Paisita noche;5487;5487;487;54;2026-01-17
Chontico dia;1848 La 5ta: 7;1848;848;18;2026-01-17
Chontico noche;7667 La 5ta: 8;7667;667;76;2026-01-17
Cafeterito tarde;6076 La 5ta: 4;6076;076;60;2026-01-17
Cafeterito noche;4321 La 5ta: 3;4321;321;43;2026-01-17
Sinuano dia;7311 La 5ta: 3;7311;311;73;2026-01-17
Sinuano noche;7755 La 5ta: 0;7755;755;77;2026-01-17
Cash three dia;0514;0514;514;05;2026-01-17
Play four dia;0375;0375;375;03;2026-01-17
Saman dia;0185;0185;185;01;2026-01-17
Caribeña dia;5444 La 5ta: 4;5444;444;54;2026-01-17
Caribeña noche;9949 La 5ta: 1;9949;949;99;2026-01-17
Motilon Tarde;2193 La 5ta: 6;2193;193;21;2026-01-17
Motilon Noche;8732 La 5ta: 5;8732;732;87;2026-01-17
Fantastica dia;3247 La 5ta: 5;3247;247;32;2026-01-17
Fantastica Noche;5559 La 5ta: 2;5559;559;55;2026-01-17
Antioqueñita Dia;1436 La 5ta: 8;1436;436;14;2026-01-17
Antioqueñita Tarde;2936 La 5ta: 4;2936;936;29;2026-01-17
Culona noche;1256;1256;256;12;2026-01-17
TriplexOnce1;0499;0499;499;04;2026-01-18
TriplexOnce2;0032;0032;032;00;2026-01-18
TriplexOnce3;0022;0022;022;00;2026-01-18
TriplexOnce4;0070;0070;070;00;2026-01-18
TriplexOnce5;0482;0482;482;04;2026-01-18
Dorado noche;3077 La 5ta: 2;3077;077;30;2026-01-18
Culona;7846;7846;846;78;2026-01-18
Astro Luna;2704 Sagitario;2704;704;27;2026-01-18
Pijao de oro;1366 La 5ta: 4;1366;366;13;2026-01-18
Paisita dia;3581 La 5ta: 7;3581;581;35;2026-01-18
Paisita noche;9079;9079;079;90;2026-01-18
Chontico dia;5336 La 5ta: 0;5336;336;53;2026-01-18
Chontico noche;1949 La 5ta: 9;1949;949;19;2026-01-18
Cafeterito noche;7281 La 5ta: 3;7281;281;72;2026-01-18
Sinuano dia;2379 La 5ta: 6;2379;379;23;2026-01-18
Sinuano noche;5141 La 5ta: 6;5141;141;51;2026-01-18
Cash three dia;0911;0911;911;09;2026-01-18
Play four dia;9169;9169;169;91;2026-01-18
Saman dia;6465;6465;465;64;2026-01-18
Caribeña dia;7994 La 5ta: 4;7994;994;79;2026-01-18
Caribeña noche;4991 La 5ta: 5;4991;991;49;2026-01-18
Motilon Tarde;3809 La 5ta: 5;3809;809;38;2026-01-18
Motilon Noche;0457 La 5ta: 6;0457;457;04;2026-01-18
Fantastica Noche;6911 La 5ta: 3;6911;911;69;2026-01-18
Antioqueñita Dia;1913 La 5ta: 5;1913;913;19;2026-01-18
Antioqueñita Tarde;4117 La 5ta: 4;4117;117;41;2026-01-18
Culona noche;9113;9113;113;91;2026-01-18
TriplexOnce1;0958;0958;958;09;2026-01-19
TriplexOnce2;0926;0926;926;09;2026-01-19
TriplexOnce3;0806;0806;806;08;2026-01-19
TriplexOnce4;0335;0335;335;03;2026-01-19
TriplexOnce5;0502;0502;502;05;2026-01-19
Dorado mañana;5003 La 5ta: 3;5003;003;50;2026-01-19
Dorado Tarde;0052 La 5ta: 5;0052;052;00;2026-01-19
Culona;3072;3072;072;30;2026-01-19
Astro sol;3071 Acuario;3071;071;30;2026-01-19
Astro Luna;8041 Tauro;8041;041;80;2026-01-19
Pijao de oro;6444 La 5ta: 4;6444;444;64;2026-01-19
Paisita dia;2437 La 5ta: 9;2437;437;24;2026-01-19
Paisita noche;3745;3745;745;37;2026-01-19
Chontico dia;5929 La 5ta: 1;5929;929;59;2026-01-19
Chontico noche;6942 La 5ta: 9;6942;942;69;2026-01-19
Cafeterito tarde;8669 La 5ta: 2;8669;669;86;2026-01-19
Cafeterito noche;1177 La 5ta: 0;1177;177;11;2026-01-19
Sinuano dia;5402 La 5ta: 9;5402;402;54;2026-01-19
Sinuano noche;0547;0547;547;05;2026-01-19
Cash three dia;0863;0863;863;08;2026-01-19
Play four dia;3432;3432;432;34;2026-01-19
Saman dia;3342;3342;342;33;2026-01-19
Caribeña dia;2644 La 5ta: 5;2644;644;26;2026-01-19
Caribeña noche;5624;5624;624;56;2026-01-19
Motilon Tarde;9833 La 5ta: 7;9833;833;98;2026-01-19
Motilon Noche;2231 La 5ta: 9;2231;231;22;2026-01-19
Fantastica dia;1227 La 5ta: 6;1227;227;12;2026-01-19
Fantastica Noche;1094 La 5ta: 3;1094;094;10;2026-01-19
Antioqueñita Dia;2417 La 5ta: 6;2417;417;24;2026-01-19
Antioqueñita Tarde;3331 La 5ta: 1;3331;331;33;2026-01-19
TriplexOnce1;0417;0417;417;04;2026-01-20
TriplexOnce2;0558;0558;558;05;2026-01-20
TriplexOnce3;0773;0773;773;07;2026-01-20
TriplexOnce4;0100;0100;100;01;2026-01-20
TriplexOnce5;0466;0466;466;04;2026-01-20
Dorado mañana;8071 La 5ta:9;8071;071;80;2026-01-20
Dorado Tarde;0645 La 5ta:1;0645;645;06;2026-01-20
Culona;7058;7058;058;70;2026-01-20
Astro sol;2871;2871;871;28;2026-01-20
Astro Luna;5496;5496;496;54;2026-01-20
Pijao de oro;4676 La 5ta:0;4676;676;46;2026-01-20
Paisita dia;8621 La 5ta:3;8621;621;86;2026-01-20
Paisita noche;4863;4863;863;48;2026-01-20
Chontico dia;8477 La 5ta:7;8477;477;84;2026-01-20
Chontico noche;8238 La 5ta:6;8238;238;82;2026-01-20
Cafeterito tarde;4801 La 5ta:1;4801;801;48;2026-01-20
Cafeterito noche;0203 La 5ta:7;0203;203;02;2026-01-20
Sinuano dia;4712 La 5ta:5;4712;712;47;2026-01-20
Sinuano noche;9686 La 5ta:9;9686;686;96;2026-01-20
Cash three dia;0743;0743;743;07;2026-01-20
Play four dia;1038;1038;038;10;2026-01-20
Saman dia;4512;4512;512;45;2026-01-20
Caribeña dia;4712 La 5ta:5;4712;712;47;2026-01-20
Caribeña noche;9686 La 5ta:9;9686;686;96;2026-01-20
Motilon Tarde;9950 La 5ta:8;9950;950;99;2026-01-20
Motilon Noche;9270 La 5ta:8;9270;270;92;2026-01-20
Fantastica dia;9494 La 5ta:9;9494;494;94;2026-01-20
Fantastica Noche;9936 La 5ta:1;9936;936;99;2026-01-20
Antioqueñita Dia;4136 La 5ta:5;4136;136;41;2026-01-20
Antioqueñita Tarde;8477 La 5ta:0;8477;477;84;2026-01-20
Culona noche;2226;2226;226;22;2026-01-20
TriplexOnce1;0076;0076;076;00;2026-01-21
TriplexOnce2;0327;0327;327;03;2026-01-21
TriplexOnce3;0345;0345;345;03;2026-01-21
TriplexOnce4;0740;0740;740;07;2026-01-21
TriplexOnce5;695;695;95;69;2026-01-21
Dorado mañana;7314 La 5ta:6;7314;314;73;2026-01-21
Dorado Tarde;0703 La 5ta:8;0703;703;07;2026-01-21
Culona;4562;4562;562;45;2026-01-21
Astro sol;5464Acuario;5464;464;54;2026-01-21
Astro Luna;9075Piscis;9075;075;90;2026-01-21
Pijao de oro;9833 La 5ta:8;9833;833;98;2026-01-21
Paisita dia;7666 La 5ta:7;7666;666;76;2026-01-21
Paisita noche;4939;4939;939;49;2026-01-21
Chontico dia;6235 La 5ta:4;6235;235;62;2026-01-21
Chontico noche;9529 La 5ta:4;9529;529;95;2026-01-21
Cafeterito tarde;1226 La 5ta:0;1226;226;12;2026-01-21
Cafeterito noche;2490 La 5ta:2;2490;490;24;2026-01-21
Sinuano dia;4078 La 5ta:2;4078;078;40;2026-01-21
Sinuano noche;0419 La 5ta:0;0419;419;04;2026-01-21
Cash three dia;0350;0350;350;03;2026-01-21
Play four dia;0801;0801;801;08;2026-01-21
Saman dia;4341;4341;341;43;2026-01-21
Caribeña dia;3563 La 5ta:8;3563;563;35;2026-01-21
Caribeña noche;2127 La 5ta:5;2127;127;21;2026-01-21
Motilon Tarde;6549 La 5ta:6;6549;549;65;2026-01-21
Motilon Noche;4057 La 5ta:4;4057;057;40;2026-01-21
Fantastica dia;4120 La 5ta:8;4120;120;41;2026-01-21
Fantastica Noche;4895 La 5ta:9;4895;895;48;2026-01-21
Antioqueñita Dia;5025 La 5ta:9;5025;025;50;2026-01-21
Antioqueñita Tarde;2359 La 5ta:5;2359;359;23;2026-01-21
Culona noche;2347;2347;347;23;2026-01-21
TriplexOnce1;0185;0185;185;01;2026-01-22
TriplexOnce2;0477;0477;477;04;2026-01-22
TriplexOnce3;0769;0769;769;07;2026-01-22
TriplexOnce4;0424;0424;424;04;2026-01-22
TriplexOnce5;0317;0317;317;03;2026-01-22
Quindio;1915 123;1915;915;19;2026-01-22
Dorado mañana;5127 La 5ta:7;5127;127;51;2026-01-22
Dorado Tarde;3232 La 5ta:1;3232;232;32;2026-01-22
Culona;6296;6296;296;62;2026-01-22
Astro sol;5373 Capricornio;5373;373;53;2026-01-22
Astro Luna;7484 Aries;7484;484;74;2026-01-22
Pijao de oro;9258 La 5ta:7;9258;258;92;2026-01-22
Paisita dia;3192 La 5ta:6;3192;192;31;2026-01-22
Paisita noche;5238;5238;238;52;2026-01-22
Chontico dia;6987 La 5ta:4;6987;987;69;2026-01-22
Chontico noche;6971 La 5ta:9;6971;971;69;2026-01-22
Cafeterito tarde;5361 La 5ta:3;5361;361;53;2026-01-22
Cafeterito noche;8252 La 5ta:0;8252;252;82;2026-01-22
Sinuano dia;3635 La 5ta:2;3635;635;36;2026-01-22
Sinuano noche;7444 La 5ta:9;7444;444;74;2026-01-22
Cash three dia;0093;0093;093;00;2026-01-22
Play four dia;4498;4498;498;44;2026-01-22
Saman dia;6440;6440;440;64;2026-01-22
Caribeña dia;3168 La 5ta:7;3168;168;31;2026-01-22
Caribeña noche;6365 La 5ta:0;6365;365;63;2026-01-22
Motilon Tarde;0290 La 5ta:7;0290;290;02;2026-01-22
Motilon Noche;6420 La 5ta:7;6420;420;64;2026-01-22
Fantastica dia;7297 La 5ta:3;7297;297;72;2026-01-22
Fantastica Noche;0333 La 5ta:4;0333;333;03;2026-01-22
Antioqueñita Dia;0898 La 5ta:5;0898;898;08;2026-01-22
Antioqueñita Tarde;0801 La 5ta:0;0801;801;08;2026-01-22
Culona noche;9134;9134;134;91;2026-01-22
TriplexOnce1;0313;0313;313;03;2026-01-23
TriplexOnce2;0044;0044;044;00;2026-01-23
TriplexOnce3;0904;0904;904;09;2026-01-23
TriplexOnce4;0425;0425;425;04;2026-01-23
TriplexOnce5;0260;0260;260;02;2026-01-23
Medellin;0372 395;0372;372;03;2026-01-23
Santander;3772 155;3772;772;37;2026-01-23
Dorado mañana;1942 La 5ta:3;1942;942;19;2026-01-23
Dorado Tarde;0552 La 5ta:6;0552;552;05;2026-01-23
Culona;3565;3565;565;35;2026-01-23
Astro sol;4123 Cancer;4123;123;41;2026-01-23
Astro Luna;4468 Capricornio;4468;468;44;2026-01-23
Pijao de oro;7409 La 5ta:6;7409;409;74;2026-01-23
Paisita dia;0226 La 5ta:8;0226;226;02;2026-01-23
Paisita noche;5318;5318;318;53;2026-01-23
Chontico dia;0456 La 5ta:3;0456;456;04;2026-01-23
Chontico noche;8804 La 5ta:6;8804;804;88;2026-01-23
Cafeterito tarde;4810 La 5ta:7;4810;810;48;2026-01-23
Cafeterito noche;8780 La 5ta:5;8780;780;87;2026-01-23
Sinuano dia;5385;5385;385;53;2026-01-23
Sinuano noche;8450;8450;450;84;2026-01-23
Cash three dia;0803;0803;803;08;2026-01-23
Play four dia;6633;6633;633;66;2026-01-23
Saman dia;8287;8287;287;82;2026-01-23
Caribeña dia;4823;4823;823;48;2026-01-23
Caribeña noche;8498;8498;498;84;2026-01-23
Motilon Tarde;1944 La 5ta:0;1944;944;19;2026-01-23
Motilon Noche;7744;7744;744;77;2026-01-23
Fantastica dia;6048 La 5ta:2;6048;048;60;2026-01-23
Fantastica Noche;0847;0847;847;08;2026-01-23
Antioqueñita Dia;7231 La 5ta:7;7231;231;72;2026-01-23
Antioqueñita Tarde;1990 La 5ta:8;1990;990;19;2026-01-23
Culona noche;6290;6290;290;62;2026-01-23
TriplexOnce1;0358;0358;358;03;2026-01-24
TriplexOnce2;0006;0006;006;00;2026-01-24
TriplexOnce3;0636;0636;636;06;2026-01-24
TriplexOnce4;0891;0891;891;08;2026-01-24
TriplexOnce5;0265;0265;265;02;2026-01-24
Dorado mañana;4504 La 5ta: 0;4504;504;45;2026-01-24
Dorado Tarde;9548 La 5ta: 6;9548;548;95;2026-01-24
Dorado noche;1467 La 5ta: 1;1467;467;14;2026-01-24
Culona;5933;5933;933;59;2026-01-24
Astro sol;7373 Acuario;7373;373;73;2026-01-24
Astro Luna;2502 Piscis;2502;502;25;2026-01-24
Pijao de oro;1599 La 5ta: 8;1599;599;15;2026-01-24
Paisita dia;7137 La 5ta: 1;7137;137;71;2026-01-24
Paisita noche;8147;8147;147;81;2026-01-24
Chontico dia;8916 La 5ta: 0;8916;916;89;2026-01-24
Chontico noche;3852 La 5ta: 8;3852;852;38;2026-01-24
Cafeterito tarde;7993 La 5ta: 9;7993;993;79;2026-01-24
Cafeterito noche;0919 La 5ta: 3;0919;919;09;2026-01-24
Sinuano dia;8584 La 5ta: 3;8584;584;85;2026-01-24
Sinuano noche;8756 La 5ta: 0;8756;756;87;2026-01-24
Cash three dia;0661;0661;661;06;2026-01-24
Play four dia;2639;2639;639;26;2026-01-24
Saman dia;9216;9216;216;92;2026-01-24
Caribeña dia;9343 La 5ta: 4;9343;343;93;2026-01-24
Caribeña noche;7768 La 5ta: 3;7768;768;77;2026-01-24
Motilon Tarde;4347 La 5ta: 0;4347;347;43;2026-01-24
Motilón Noche;6731 La 5ta: 1;6731;731;67;2026-01-24
Fantastica dia;4641 La 5ta: 6;4641;641;46;2026-01-24
Fantastica Noche;3239 La 5ta: 9;3239;239;32;2026-01-24
Antioqueñita Dia;0130 La 5ta: 7;0130;130;01;2026-01-24
Antioqueñita Tarde;6417 La 5ta: 3;6417;417;64;2026-01-24
Culona noche;0528;0528;528;05;2026-01-24
TriplexOnce1;0990;0990;990;09;2026-01-25
TriplexOnce2;0619;0619;619;06;2026-01-25
TriplexOnce3;0579;0579;579;05;2026-01-25
TriplexOnce4;0995;0995;995;09;2026-01-25
TriplexOnce5;0346;0346;346;03;2026-01-25
Dorado noche;2837 La 5ta: 6;2837;837;28;2026-01-25
Culona;9498;9498;498;94;2026-01-25
Astro Luna;0824 Sagitario;0824;824;08;2026-01-25
Pijao de oro;9592 La 5ta: 7;9592;592;95;2026-01-25
Paisita dia;2982 La 5ta: 7;2982;982;29;2026-01-25
Paisita noche;0527;0527;527;05;2026-01-25
Chontico dia;7739 La 5ta: 7;7739;739;77;2026-01-25
Chontico noche;2610 La 5ta: 0;2610;610;26;2026-01-25
Cafeterito noche;9995 La 5ta: 0;9995;995;99;2026-01-25
Sinuano dia;4674 La 5ta: 0;4674;674;46;2026-01-25
Sinuano noche;2448 La 5ta: 0;2448;448;24;2026-01-25
Cash three dia;0384;0384;384;03;2026-01-25
Play four dia;9846;9846;846;98;2026-01-25
Saman dia;1457;1457;457;14;2026-01-25
Caribeña dia;1217 La 5ta: 8;1217;217;12;2026-01-25
Caribeña noche;1568 La 5ta: 0;1568;568;15;2026-01-25
Motilon Tarde;3811 La 5ta: 2;3811;811;38;2026-01-25
Motilon Noche;1210 La 5ta: 2;1210;210;12;2026-01-25
Fantastica Noche;2837 La 5ta: 6;2837;837;28;2026-01-25
Antioqueñita Dia;0803 La 5ta: 5;0803;803;08;2026-01-25
Antioqueñita Tarde;5964 La 5ta: 2;5964;964;59;2026-01-25
Culona noche;1811;1811;811;18;2026-01-25
TriplexOnce1;0954;0954;954;09;2026-01-26
TriplexOnce2;0914;0914;914;09;2026-01-26
TriplexOnce3;0918;0918;918;09;2026-01-26
TriplexOnce4;0028;0028;028;00;2026-01-26
TriplexOnce5;0364;0364;364;03;2026-01-26
Dorado mañana;4228 La 5ta: 4;4228;228;42;2026-01-26
Dorado Tarde;2832 La 5ta: 5;2832;832;28;2026-01-26
Culona;6294;6294;294;62;2026-01-26
Astro sol;5625 Escorpion;5625;625;56;2026-01-26
Astro Luna;2042 Acuario;2042;042;20;2026-01-26
Pijao de oro;1453 La 5ta: 5;1453;453;14;2026-01-26
Paisita dia;6470 La 5ta: 6;6470;470;64;2026-01-26
Paisita noche;9583;9583;583;95;2026-01-26
Chontico dia;2549 La 5ta: 8;2549;549;25;2026-01-26
Chontico noche;9285 La 5ta: 8;9285;285;92;2026-01-26
Cafeterito tarde;6384 La 5ta: 2;6384;384;63;2026-01-26
Cafeterito noche;9141 La 5ta: 8;9141;141;91;2026-01-26
Sinuano dia;0985 La 5ta: 4;0985;985;09;2026-01-26
Sinuano noche;6660;6660;660;66;2026-01-26
Cash three dia;0460;0460;460;04;2026-01-26
Play four dia;1283;1283;283;12;2026-01-26
Saman dia;3967;3967;967;39;2026-01-26
Caribeña dia;9356 La 5ta: 4;9356;356;93;2026-01-26
Caribeña noche;4264;4264;264;42;2026-01-26
Motilon Tarde;9269 La 5ta: 3;9269;269;92;2026-01-26
Motilon Noche;5177 La 5ta: 5;5177;177;51;2026-01-26
Fantastica dia;2408 La 5ta: 2;2408;408;24;2026-01-26
Fantastica Noche;2589 La 5ta: 4;2589;589;25;2026-01-26
Antioqueñita Dia;3472 La 5ta: 0;3472;472;34;2026-01-26
Antioqueñita Tarde;6265 La 5ta: 7;6265;265;62;2026-01-26
Culona noche;9893;9893;893;98;2026-01-26
TriplexOnce1;0497;0497;497;04;2026-01-27
TriplexOnce2;0592;0592;592;05;2026-01-27
TriplexOnce3;0916;0916;916;09;2026-01-27
TriplexOnce4;0759;0759;759;07;2026-01-27
TriplexOnce5;0842;0842;842;08;2026-01-27
Dorado mañana;9135 La 5ta: 5;9135;135;91;2026-01-27
Dorado Tarde;6825 La 5ta: 4;6825;825;68;2026-01-27
Culona;2318;2318;318;23;2026-01-27
Astro sol;4400 Piscis;4400;400;44;2026-01-27
Astro Luna;1171 Geminis;1171;171;11;2026-01-27
Pijao de oro;8495 La 5ta: 4;8495;495;84;2026-01-27
Paisita dia;3833 La 5ta: 6;3833;833;38;2026-01-27
Paisita noche;6086;6086;086;60;2026-01-27
Chontico dia;8016 La 5ta: 0;8016;016;80;2026-01-27
Chontico noche;5064 La 5ta: 8;5064;064;50;2026-01-27
Cafeterito tarde;3865 La 5ta: 2;3865;865;38;2026-01-27
Cafeterito noche;0892 La 5ta: 8;0892;892;08;2026-01-27
Sinuano dia;2035 La 5ta: 5;2035;035;20;2026-01-27
Sinuano noche;2443 La 5ta: 0;2443;443;24;2026-01-27
Cash three dia;0105;0105;105;01;2026-01-27
Play four dia;4631;4631;631;46;2026-01-27
Saman dia;6571;6571;571;65;2026-01-27
Caribeña dia;2621 La 5ta: 2;2621;621;26;2026-01-27
Caribeña noche;5835 La 5ta: 0;5835;835;58;2026-01-27
Motilon Tarde;3126;3126;126;31;2026-01-27
Motilon Noche;8461 La 5ta: 6;8461;461;84;2026-01-27
Fantastica dia;1225 La 5ta: 7;1225;225;12;2026-01-27
Fantastica Noche;8561 La 5ta: 6;8561;561;85;2026-01-27
Antioqueñita Dia;1704 La 5ta: 0;1704;704;17;2026-01-27
Antioqueñita Tarde;1713 La 5ta: 9;1713;713;17;2026-01-27
Culona noche;0926;0926;926;09;2026-01-27
TriplexOnce1;0898;0898;898;08;2026-01-28
TriplexOnce2;0596;0596;596;05;2026-01-28
TriplexOnce3;0752;0752;752;07;2026-01-28
TriplexOnce4;0554;0554;554;05;2026-01-28
TriplexOnce5;0594;0594;594;05;2026-01-28
Dorado mañana;1105 La 5ta: 0;1105;105;11;2026-01-28
Dorado Tarde;9072 La 5ta: 1;9072;072;90;2026-01-28
Culona;5415;5415;415;54;2026-01-28
Astro sol;7831 Leo;7831;831;78;2026-01-28
Astro Luna;4797 Piscis;4797;797;47;2026-01-28
Pijao de oro;1196 La 5ta: 2;1196;196;11;2026-01-28
Paisita dia;6048 La 5ta: 3;6048;048;60;2026-01-28
Paisita noche;0742;0742;742;07;2026-01-28
Chontico dia;2745 La 5ta: 6;2745;745;27;2026-01-28
Chontico noche;2724 La 5ta: 5;2724;724;27;2026-01-28
Cafeterito tarde;0709 La 5ta: 7;0709;709;07;2026-01-28
Cafeterito noche;8233 La 5ta: 3;8233;233;82;2026-01-28
Sinuano dia;9195 La 5ta: 0;9195;195;91;2026-01-28
Sinuano noche;7089 La 5ta: 0;7089;089;70;2026-01-28
Cash three dia;0787;0787;787;07;2026-01-28
Play four dia;0951;0951;951;09;2026-01-28
Saman dia;7638;7638;638;76;2026-01-28
Caribeña dia;7391 La 5ta: 0;7391;391;73;2026-01-28
Caribeña noche;3103 La 5ta: 3;3103;103;31;2026-01-28
Motilon Tarde;5511 La 5ta: 5;5511;511;55;2026-01-28
Motilon Noche;9160 La 5ta: 7;9160;160;91;2026-01-28
Fantastica dia;2515 La 5ta: 6;2515;515;25;2026-01-28
Fantastica Noche;3893 La 5ta: 9;3893;893;38;2026-01-28
Antioqueñita Dia;3799 La 5ta: 2;3799;799;37;2026-01-28
Antioqueñita Tarde;3147 La 5ta: 1;3147;147;31;2026-01-28
Culona noche;3550;3550;550;35;2026-01-28
TriplexOnce1;0677;0677;677;06;2026-01-29
TriplexOnce2;0165;0165;165;01;2026-01-29
TriplexOnce3;0747;0747;747;07;2026-01-29
TriplexOnce4;0228;0228;228;02;2026-01-29
TriplexOnce5;0413;0413;413;04;2026-01-29
Quindio;0923 88;0923;923;09;2026-01-29
Dorado mañana;6425 La 5ta: 9;6425;425;64;2026-01-29
Dorado Tarde;6338 La 5ta: 6;6338;338;63;2026-01-29
Culona;7139;7139;139;71;2026-01-29
Astro sol;0300 Virgo;0300;300;03;2026-01-29
Astro Luna;7270 Virgo;7270;270;72;2026-01-29
Pijao de oro;8683 La 5ta: 8;8683;683;86;2026-01-29
Paisita dia;8828 La 5ta: 8;8828;828;88;2026-01-29
Paisita noche;7945;7945;945;79;2026-01-29
Chontico dia;8861 La 5ta: 7;8861;861;88;2026-01-29
Chontico noche;8216 La 5ta: 6;8216;216;82;2026-01-29
Cafeterito tarde;7298 La 5ta: 3;7298;298;72;2026-01-29
Cafeterito noche;4686 La 5ta: 0;4686;686;46;2026-01-29
Sinuano dia;8047 La 5ta: 6;8047;047;80;2026-01-29
Sinuano noche;0660 La 5ta: 9;0660;660;06;2026-01-29
Cash three dia;0435;0435;435;04;2026-01-29
Play four dia;4663;4663;663;46;2026-01-29
Saman dia;2351;2351;351;23;2026-01-29
Caribeña dia;1256 La 5ta: 2;1256;256;12;2026-01-29
Caribeña noche;2234 La 5ta: 0;2234;234;22;2026-01-29
Motilon Tarde;6131 La 5ta: 3;6131;131;61;2026-01-29
Motilon Noche;2090 La 5ta: 9;2090;090;20;2026-01-29
Fantastica dia;3368 La 5ta: 0;3368;368;33;2026-01-29
Fantastica Noche;0936 La 5ta: 0;0936;936;09;2026-01-29
Antioqueñita Dia;7410 La 5ta: 1;7410;410;74;2026-01-29
Antioqueñita Tarde;9444 La 5ta: 4;9444;444;94;2026-01-29
Culona noche;5753;5753;753;57;2026-01-29
